member_name,source_folder,shulman_score,true_signal,predicted_signal,confidence,matched
clock_shulman/5_perfect_clock/11273_0.png,5_perfect_clock,5,low_signal,low_signal,0.997348,True
clock_shulman/5_perfect_clock/11284_0.png,5_perfect_clock,5,low_signal,low_signal,0.99953,True
clock_shulman/5_perfect_clock/112_2.png,5_perfect_clock,5,low_signal,low_signal,0.999668,True
clock_shulman/5_perfect_clock/11390_0.png,5_perfect_clock,5,low_signal,low_signal,0.999996,True
clock_shulman/5_perfect_clock/11594_0.png,5_perfect_clock,5,low_signal,medium_signal,0.996914,False
clock_shulman/5_perfect_clock/12219_0.png,5_perfect_clock,5,low_signal,low_signal,1.0,True
clock_shulman/5_perfect_clock/12240_0.png,5_perfect_clock,5,low_signal,low_signal,0.999956,True
clock_shulman/5_perfect_clock/12293_0.png,5_perfect_clock,5,low_signal,low_signal,0.996406,True
clock_shulman/5_perfect_clock/12503_0.png,5_perfect_clock,5,low_signal,low_signal,0.996296,True
clock_shulman/5_perfect_clock/12538_0.png,5_perfect_clock,5,low_signal,low_signal,0.997094,True
clock_shulman/5_perfect_clock/12929_0.png,5_perfect_clock,5,low_signal,low_signal,0.997584,True
clock_shulman/5_perfect_clock/13076_0.png,5_perfect_clock,5,low_signal,low_signal,0.999979,True
clock_shulman/5_perfect_clock/13148_0.png,5_perfect_clock,5,low_signal,low_signal,0.998509,True
clock_shulman/5_perfect_clock/13246_0.png,5_perfect_clock,5,low_signal,low_signal,0.999866,True
clock_shulman/5_perfect_clock/1809_1.png,5_perfect_clock,5,low_signal,medium_signal,0.997649,False
clock_shulman/5_perfect_clock/1831_0.png,5_perfect_clock,5,low_signal,low_signal,0.999538,True
clock_shulman/5_perfect_clock/1893_1.png,5_perfect_clock,5,low_signal,low_signal,0.994703,True
clock_shulman/5_perfect_clock/21284_0.png,5_perfect_clock,5,low_signal,low_signal,0.999986,True
clock_shulman/5_perfect_clock/21413_3.png,5_perfect_clock,5,low_signal,low_signal,0.963565,True
clock_shulman/5_perfect_clock/2632_0.png,5_perfect_clock,5,low_signal,low_signal,0.997903,True
clock_shulman/4_minor_VIS_errors/11105_0.png,4_minor_VIS_errors,4,medium_signal,medium_signal,0.999438,True
clock_shulman/4_minor_VIS_errors/11156_2.png,4_minor_VIS_errors,4,medium_signal,medium_signal,0.999639,True
clock_shulman/4_minor_VIS_errors/11405_0.png,4_minor_VIS_errors,4,medium_signal,medium_signal,0.998426,True
clock_shulman/4_minor_VIS_errors/11442_0.png,4_minor_VIS_errors,4,medium_signal,medium_signal,0.999979,True
clock_shulman/4_minor_VIS_errors/11554_1.png,4_minor_VIS_errors,4,medium_signal,medium_signal,0.999803,True
clock_shulman/4_minor_VIS_errors/12263_0.png,4_minor_VIS_errors,4,medium_signal,medium_signal,0.897767,True
clock_shulman/4_minor_VIS_errors/12329_0.png,4_minor_VIS_errors,4,medium_signal,medium_signal,0.996766,True
clock_shulman/4_minor_VIS_errors/12676_0.png,4_minor_VIS_errors,4,medium_signal,medium_signal,0.99943,True
clock_shulman/4_minor_VIS_errors/12735_0.png,4_minor_VIS_errors,4,medium_signal,medium_signal,0.99813,True
clock_shulman/4_minor_VIS_errors/12839_0.png,4_minor_VIS_errors,4,medium_signal,medium_signal,0.998422,True
clock_shulman/4_minor_VIS_errors/13009_0.png,4_minor_VIS_errors,4,medium_signal,medium_signal,0.997096,True
clock_shulman/4_minor_VIS_errors/1804_2.png,4_minor_VIS_errors,4,medium_signal,low_signal,0.999998,False
clock_shulman/4_minor_VIS_errors/1978_1.png,4_minor_VIS_errors,4,medium_signal,medium_signal,0.994637,True
clock_shulman/4_minor_VIS_errors/21281_0.png,4_minor_VIS_errors,4,medium_signal,medium_signal,0.999613,True
clock_shulman/4_minor_VIS_errors/21782_0.png,4_minor_VIS_errors,4,medium_signal,medium_signal,0.997926,True
clock_shulman/4_minor_VIS_errors/2178_1.png,4_minor_VIS_errors,4,medium_signal,medium_signal,0.996578,True
clock_shulman/4_minor_VIS_errors/21891_1.png,4_minor_VIS_errors,4,medium_signal,medium_signal,0.997247,True
clock_shulman/4_minor_VIS_errors/22010_0.png,4_minor_VIS_errors,4,medium_signal,low_signal,0.744476,False
clock_shulman/4_minor_VIS_errors/22811_1.png,4_minor_VIS_errors,4,medium_signal,higher_signal,1.0,False
clock_shulman/4_minor_VIS_errors/2320_0.png,4_minor_VIS_errors,4,medium_signal,medium_signal,0.997429,True
clock_shulman/3_hands_vis_errors/11231_1.png,3_hands_vis_errors,3,higher_signal,higher_signal,0.999585,True
clock_shulman/3_hands_vis_errors/11471_0.png,3_hands_vis_errors,3,higher_signal,higher_signal,0.999619,True
clock_shulman/3_hands_vis_errors/11735_0.png,3_hands_vis_errors,3,higher_signal,higher_signal,0.99963,True
clock_shulman/3_hands_vis_errors/11876_0.png,3_hands_vis_errors,3,higher_signal,higher_signal,1.0,True
clock_shulman/3_hands_vis_errors/11953_0.png,3_hands_vis_errors,3,higher_signal,higher_signal,0.999797,True
clock_shulman/3_hands_vis_errors/12224_0.png,3_hands_vis_errors,3,higher_signal,higher_signal,0.999664,True
clock_shulman/3_hands_vis_errors/12298_0.png,3_hands_vis_errors,3,higher_signal,higher_signal,0.999863,True
clock_shulman/3_hands_vis_errors/12318_0.png,3_hands_vis_errors,3,higher_signal,higher_signal,0.906714,True
clock_shulman/3_hands_vis_errors/12729_0.png,3_hands_vis_errors,3,higher_signal,higher_signal,0.999911,True
clock_shulman/3_hands_vis_errors/12983_0.png,3_hands_vis_errors,3,higher_signal,medium_signal,0.888172,False
clock_shulman/3_hands_vis_errors/13050_0.png,3_hands_vis_errors,3,higher_signal,higher_signal,0.99913,True
clock_shulman/3_hands_vis_errors/1780_0.png,3_hands_vis_errors,3,higher_signal,higher_signal,0.999897,True
clock_shulman/3_hands_vis_errors/1790_0.png,3_hands_vis_errors,3,higher_signal,higher_signal,0.990583,True
clock_shulman/3_hands_vis_errors/1958_1.png,3_hands_vis_errors,3,higher_signal,higher_signal,0.999639,True
clock_shulman/3_hands_vis_errors/21906_1.png,3_hands_vis_errors,3,higher_signal,higher_signal,0.99965,True
clock_shulman/3_hands_vis_errors/22068_0.png,3_hands_vis_errors,3,higher_signal,higher_signal,0.999664,True
clock_shulman/3_hands_vis_errors/223_0.png,3_hands_vis_errors,3,higher_signal,higher_signal,0.99945,True
clock_shulman/3_hands_vis_errors/22758_0.png,3_hands_vis_errors,3,higher_signal,higher_signal,0.999979,True
clock_shulman/3_hands_vis_errors/22823_1.png,3_hands_vis_errors,3,higher_signal,medium_signal,0.885749,False
clock_shulman/3_hands_vis_errors/22836_0.png,3_hands_vis_errors,3,higher_signal,higher_signal,0.999731,True
clock_shulman/2_mod_vis_xhands/11187_0.png,2_mod_vis_xhands,2,higher_signal,higher_signal,0.999972,True
clock_shulman/2_mod_vis_xhands/11207_2.png,2_mod_vis_xhands,2,higher_signal,higher_signal,0.999915,True
clock_shulman/2_mod_vis_xhands/11987_0.png,2_mod_vis_xhands,2,higher_signal,higher_signal,0.999491,True
clock_shulman/2_mod_vis_xhands/12955_0.png,2_mod_vis_xhands,2,higher_signal,higher_signal,0.968654,True
clock_shulman/2_mod_vis_xhands/13026_0.png,2_mod_vis_xhands,2,higher_signal,higher_signal,0.876627,True
clock_shulman/2_mod_vis_xhands/1787_1.png,2_mod_vis_xhands,2,higher_signal,higher_signal,0.999669,True
clock_shulman/2_mod_vis_xhands/1918_0.png,2_mod_vis_xhands,2,higher_signal,higher_signal,0.999696,True
clock_shulman/2_mod_vis_xhands/21158_0.png,2_mod_vis_xhands,2,higher_signal,higher_signal,0.999435,True
clock_shulman/2_mod_vis_xhands/21158_1.png,2_mod_vis_xhands,2,higher_signal,higher_signal,0.999789,True
clock_shulman/2_mod_vis_xhands/21158_3.png,2_mod_vis_xhands,2,higher_signal,higher_signal,0.999391,True
clock_shulman/2_mod_vis_xhands/22748_3.png,2_mod_vis_xhands,2,higher_signal,higher_signal,0.999521,True
clock_shulman/2_mod_vis_xhands/22763_1.png,2_mod_vis_xhands,2,higher_signal,higher_signal,0.999976,True
clock_shulman/2_mod_vis_xhands/22765_0.png,2_mod_vis_xhands,2,higher_signal,higher_signal,0.991195,True
clock_shulman/2_mod_vis_xhands/22772_1.png,2_mod_vis_xhands,2,higher_signal,higher_signal,0.601705,True
clock_shulman/2_mod_vis_xhands/22838_0.png,2_mod_vis_xhands,2,higher_signal,higher_signal,0.999971,True
clock_shulman/2_mod_vis_xhands/22843_0.png,2_mod_vis_xhands,2,higher_signal,higher_signal,0.9985,True
clock_shulman/2_mod_vis_xhands/22874_0.png,2_mod_vis_xhands,2,higher_signal,higher_signal,0.999682,True
clock_shulman/2_mod_vis_xhands/22885_0.png,2_mod_vis_xhands,2,higher_signal,higher_signal,0.999999,True
clock_shulman/2_mod_vis_xhands/22888_0.png,2_mod_vis_xhands,2,higher_signal,higher_signal,0.999604,True
clock_shulman/2_mod_vis_xhands/22918_0.png,2_mod_vis_xhands,2,higher_signal,medium_signal,0.961064,False
clock_shulman/1_severe_vis/11128_0.png,1_severe_vis,1,higher_signal,higher_signal,0.999707,True
clock_shulman/1_severe_vis/1837_0.png,1_severe_vis,1,higher_signal,higher_signal,0.999902,True
clock_shulman/1_severe_vis/1839_0.png,1_severe_vis,1,higher_signal,higher_signal,0.999926,True
clock_shulman/1_severe_vis/22834_5.png,1_severe_vis,1,higher_signal,higher_signal,0.999986,True
clock_shulman/1_severe_vis/22839_0.png,1_severe_vis,1,higher_signal,higher_signal,0.850631,True
clock_shulman/1_severe_vis/22856_0.png,1_severe_vis,1,higher_signal,higher_signal,0.990008,True
clock_shulman/1_severe_vis/22860_1.png,1_severe_vis,1,higher_signal,higher_signal,0.999541,True
clock_shulman/1_severe_vis/22860_2.png,1_severe_vis,1,higher_signal,higher_signal,0.998438,True
clock_shulman/1_severe_vis/22868_3.png,1_severe_vis,1,higher_signal,higher_signal,0.999871,True
clock_shulman/1_severe_vis/22869_0.png,1_severe_vis,1,higher_signal,higher_signal,0.999662,True
clock_shulman/1_severe_vis/22875_1.png,1_severe_vis,1,higher_signal,higher_signal,0.999772,True
clock_shulman/1_severe_vis/22892_0.png,1_severe_vis,1,higher_signal,higher_signal,0.999893,True
clock_shulman/1_severe_vis/22901_0.png,1_severe_vis,1,higher_signal,higher_signal,0.999877,True
clock_shulman/1_severe_vis/22925_0.png,1_severe_vis,1,higher_signal,higher_signal,0.999985,True
clock_shulman/1_severe_vis/22928_1.png,1_severe_vis,1,higher_signal,higher_signal,0.999593,True
clock_shulman/1_severe_vis/22940_5.png,1_severe_vis,1,higher_signal,higher_signal,0.999959,True
clock_shulman/1_severe_vis/22944_1.png,1_severe_vis,1,higher_signal,higher_signal,0.999568,True
clock_shulman/1_severe_vis/22951_0.png,1_severe_vis,1,higher_signal,higher_signal,0.999797,True
clock_shulman/1_severe_vis/22969_0.png,1_severe_vis,1,higher_signal,higher_signal,0.999705,True
clock_shulman/1_severe_vis/22970_0.png,1_severe_vis,1,higher_signal,higher_signal,0.99997,True
clock_shulman/0_no_clock/11207_1.png,0_no_clock,0,higher_signal,higher_signal,0.999999,True
clock_shulman/0_no_clock/22835_0.png,0_no_clock,0,higher_signal,higher_signal,0.99856,True
clock_shulman/0_no_clock/22882_0.png,0_no_clock,0,higher_signal,higher_signal,0.999998,True
clock_shulman/0_no_clock/22897_0.png,0_no_clock,0,higher_signal,higher_signal,1.0,True
clock_shulman/0_no_clock/22915_5.png,0_no_clock,0,higher_signal,higher_signal,0.999908,True
clock_shulman/0_no_clock/22926_2.png,0_no_clock,0,higher_signal,higher_signal,0.999836,True
clock_shulman/0_no_clock/22928_2.png,0_no_clock,0,higher_signal,higher_signal,0.999622,True
clock_shulman/0_no_clock/22928_4.png,0_no_clock,0,higher_signal,higher_signal,0.999996,True
clock_shulman/0_no_clock/22930_0.png,0_no_clock,0,higher_signal,higher_signal,0.999749,True
clock_shulman/0_no_clock/22942_0.png,0_no_clock,0,higher_signal,higher_signal,0.999984,True
clock_shulman/0_no_clock/22946_0.png,0_no_clock,0,higher_signal,higher_signal,0.99989,True
clock_shulman/0_no_clock/22953_0.png,0_no_clock,0,higher_signal,higher_signal,0.999828,True
clock_shulman/0_no_clock/22953_1.png,0_no_clock,0,higher_signal,higher_signal,0.999994,True
